nombre,apellido,tipoIdentificacion,numeroIdentificacion,telefono,direccion;;;;
1,Henrik,McCurry,hmccurry0@wordpress.com,Male,86.131.247.17;;;;
2,Jo ann,Ettels,jettels1@goodreads.com,Female,255.78.154.12;;;;
3,Bunnie,Dy,bdy2@unicef.org,Female,118.105.162.49;;;;
4,Alvin,Elmes,aelmes3@ning.com,Male,78.193.3.75;;;;
5,Dall,Feenan,dfeenan4@webeden.co.uk,Male,197.121.183.121;;;;
6,Michaelina,Sole,msole5@spiegel.de,Female,213.80.54.80;;;;
7,Auberon,Clothier,aclothier6@myspace.com,Male,191.3.93.250;;;;
8,Rosemaria,Emmatt,remmatt7@friendfeed.com,Female,157.136.39.220;;;;
9,Rollin,Petr,rpetr8@china.com.cn,Male,182.103.189.175;;;;
10,Lexine,Carnegy,lcarnegy9@constantcontact.com,Female,104.79.44.17;;;;
11,Morgun,Collingham,mcollinghama@printfriendly.com,Male,220.66.177.214;;;;
12,Reginauld,Harness,rharnessb@zimbio.com,Male,160.104.203.106;;;;
13,Pearle,Govier,pgovierc@networksolutions.com,Female,181.178.35.145;;;;
14,Tilda,Barstowk,tbarstowkd@cpanel.net,Female,251.70.228.44;;;;
15,Doug,Clarey,dclareye@independent.co.uk,Male,162.80.135.15;;;;
16,Damita,Christal,dchristalf@answers.com,Female,28.121.83.174;;;;
17,Reeva,Ciccoloi,rciccoloig@blinklist.com,Female,85.0.150.159;;;;
18,Kerrie,Melby,kmelbyh@businesswire.com,Female,203.237.207.238;;;;
19,Ezequiel,Challis,echallisi@nymag.com,Male,194.117.202.30;;;;
20,Tad,Saylor,tsaylorj@tinypic.com,Male,29.214.172.145;;;;
21,Latashia,Saphin,lsaphink@cbslocal.com,Female,38.2.210.246;;;;
22,Ali,Utton,auttonl@last.fm,Female,132.34.82.126;;;;
23,Peri,Varndell,pvarndellm@bing.com,Female,188.68.6.246;;;;
24,Cullan,Betonia,cbetonian@mysql.com,Male,46.62.53.37;;;;
25,Gilberto,Jewell,gjewello@google.com.hk,Male,98.21.193.98;;;;
26,Kimberlyn,Jeanin,kjeaninp@sina.com.cn,Female,4.129.188.211;;;;
27,Palmer,Allbones,pallbonesq@elegantthemes.com,Male,149.151.136.225;;;;
28,Denni,Ccomini,dccominir@shareasale.com,Female,77.135.208.222;;;;
29,Kelvin,Hyndes,khyndess@php.net,Male,163.251.95.245;;;;
30,Chrystal,Stern,csternt@usgs.gov,Female,117.105.156.206;;;;
31,Maximilianus,Woodruffe,mwoodruffeu@sphinn.com,Male,142.84.80.48;;;;
32,Ado,Baynes,abaynesv@time.com,Male,92.214.250.179;;;;
33,Morly,Humfrey,mhumfreyw@mac.com,Male,162.79.149.168;;;;
34,Fianna,Bourne,fbournex@tripod.com,Female,78.236.217.130;;;;
35,Harmonia,Durran,hdurrany@si.edu,Female,198.231.34.205;;;;
36,Milo,MacCardle,mmaccardlez@cmu.edu,Male,110.186.27.248;;;;
37,Ardene,Redfearn,aredfearn10@alibaba.com,Female,218.162.132.15;;;;
38,Rodd,Dovermann,rdovermann11@webs.com,Male,179.14.246.157;;;;
39,Dana,Gilmour,dgilmour12@hc360.com,Male,178.74.72.57;;;;
40,Lutero,Munt,lmunt13@canalblog.com,Male,58.216.27.242;;;;
41,Edin,Visco,evisco14@ebay.com,Female,176.36.109.165;;;;
42,Barrie,Mullally,bmullally15@unesco.org,Male,147.16.147.44;;;;
43,Myrlene,Feasby,mfeasby16@github.io,Female,217.205.244.115;;;;
44,Nevile,Lansberry,nlansberry17@illinois.edu,Male,101.26.205.78;;;;
45,Gabriell,Hinchcliffe,ghinchcliffe18@springer.com,Female,110.7.106.122;;;;
46,Mead,Patel,mpatel19@aol.com,Female,225.25.162.200;;;;
47,Chastity,Philipsson,cphilipsson1a@oaic.gov.au,Female,153.220.147.123;;;;
48,Kimbell,Glaves,kglaves1b@go.com,Male,239.232.201.157;;;;
49,Patricio,Colmore,pcolmore1c@tiny.cc,Male,117.175.221.21;;;;
50,Yovonnda,Vitall,yvitall1d@sciencedaily.com,Female,60.51.214.143;;;;
51,Ferguson,Eisak,feisak1e@techcrunch.com,Male,30.137.47.58;;;;
52,Vin,Hatherall,vhatherall1f@vkontakte.ru,Female,235.86.111.26;;;;
53,Shellie,Solley,ssolley1g@census.gov,Female,10.131.97.104;;;;
54,Levy,Devereux,ldevereux1h@csmonitor.com,Male,219.180.201.101;;;;
55,Edik,Okenden,eokenden1i@arizona.edu,Male,236.233.65.142;;;;
56,Ruben,Eastope,reastope1j@indiegogo.com,Male,104.47.126.105;;;;
57,Keelia,Kleinber,kkleinber1k@google.es,Female,185.241.54.100;;;;
58,Mace,Borgesio,mborgesio1l@state.gov,Male,178.254.63.235;;;;
59,Dietrich,Frane,dfrane1m@samsung.com,Male,161.208.49.252;;;;
60,Austina,Dunseath,adunseath1n@guardian.co.uk,Female,112.254.195.179;;;;
61,Paulita,Blockey,pblockey1o@house.gov,Female,38.164.39.20;;;;
62,Holly-anne,Hallibone,hhallibone1p@prlog.org,Female,105.137.188.74;;;;
63,Shauna,Linley,slinley1q@discuz.net,Female,117.133.249.87;;;;
64,Romeo,Warlock,rwarlock1r@pagesperso-orange.fr,Male,250.107.51.83;;;;
65,Maxy,Corden,mcorden1s@go.com,Female,135.235.22.150;;;;
66,Zachary,McConaghy,zmcconaghy1t@bloglines.com,Male,83.197.207.121;;;;
67,Almire,Brogan,abrogan1u@alexa.com,Female,37.158.239.9;;;;
68,Queenie,Beneteau,qbeneteau1v@bluehost.com,Female,2.127.68.20;;;;
69,Clim,Ruger,cruger1w@seattletimes.com,Male,177.173.22.153;;;;
70,Christy,Chettoe,cchettoe1x@house.gov,Female,156.128.43.77;;;;
71,Robbert,Kreutzer,rkreutzer1y@oracle.com,Male,229.98.90.23;;;;
72,Lynett,Syder,lsyder1z@sun.com,Female,243.93.6.52;;;;
73,Tony,Hovenden,thovenden20@japanpost.jp,Male,190.34.245.254;;;;
74,Lemuel,Collingridge,lcollingridge21@dropbox.com,Male,106.9.65.215;;;;
75,Frannie,Innman,finnman22@spiegel.de,Male,174.64.226.248;;;;
76,Ferguson,Burdfield,fburdfield23@scribd.com,Male,51.64.205.10;;;;
77,Kaleena,Lanfranconi,klanfranconi24@ow.ly,Female,243.102.223.250;;;;
78,Lidia,Pury,lpury25@ted.com,Female,9.32.7.174;;;;
79,Livvie,Bracher,lbracher26@fastcompany.com,Female,174.165.134.186;;;;
80,Alisha,Savoury,asavoury27@dropbox.com,Female,7.224.135.170;;;;
81,Aylmar,Ackerley,aackerley28@yolasite.com,Male,26.242.88.106;;;;
82,Ban,Gunda,bgunda29@boston.com,Male,182.158.79.133;;;;
83,Broddy,Saunt,bsaunt2a@nih.gov,Male,27.147.102.196;;;;
84,Uriel,Abad,uabad2b@zdnet.com,Male,69.9.85.103;;;;
85,Vittoria,Driver,vdriver2c@telegraph.co.uk,Female,203.191.92.134;;;;
86,Gerhardine,Gable,ggable2d@constantcontact.com,Female,202.125.143.82;;;;
87,Preston,Letessier,pletessier2e@gravatar.com,Male,206.200.163.114;;;;
88,Yale,Wandrach,ywandrach2f@cdc.gov,Male,109.119.69.97;;;;
89,Hillie,Hamblen,hhamblen2g@opensource.org,Male,75.103.124.161;;;;
90,Meredeth,Hollyard,mhollyard2h@gnu.org,Male,131.254.107.84;;;;
91,Jamison,Dinsell,jdinsell2i@soup.io,Male,93.242.35.134;;;;
92,Nathanial,Kisbee,nkisbee2j@ucsd.edu,Male,251.30.217.53;;;;
93,Forster,Vynoll,fvynoll2k@tamu.edu,Male,85.182.224.167;;;;
94,Homerus,Lakin,hlakin2l@instagram.com,Male,161.140.64.105;;;;
95,Dedie,Rattrie,drattrie2m@github.io,Female,139.142.16.222;;;;
96,Marris,Cowpertwait,mcowpertwait2n@slate.com,Female,1.56.117.207;;;;
97,Gerty,Nineham,gnineham2o@sciencedaily.com,Female,56.36.214.131;;;;
98,Roderic,Anetts,ranetts2p@buzzfeed.com,Male,33.213.190.227;;;;
99,Deloris,Tilzey,dtilzey2q@cisco.com,Female,242.30.249.16;;;;
100,Evania,Laba,elaba2r@wikipedia.org,Female,172.119.227.162;;;;
101,Natassia,MacAlester,nmacalester2s@ftc.gov,Female,234.126.214.183;;;;
102,Nora,Baike,nbaike2t@npr.org,Female,235.211.207.185;;;;
103,Sheila,Wolford,swolford2u@booking.com,Female,210.173.37.73;;;;
104,Celestyna,Traite,ctraite2v@youtu.be,Female,32.158.241.71;;;;
105,Regina,Skirvin,rskirvin2w@mlb.com,Female,178.90.177.111;;;;
106,Aldridge,Lawling,alawling2x@usda.gov,Male,114.147.177.58;;;;
107,Kerrin,Edlin,kedlin2y@smh.com.au,Female,68.159.105.253;;;;
108,Eirena,Catmull,ecatmull2z@ning.com,Female,159.105.224.127;;;;
109,Mufinella,Cato,mcato30@example.com,Female,13.68.48.4;;;;
110,Basile,Thaw,bthaw31@harvard.edu,Male,246.10.220.197;;;;
111,Flin,Aneley,faneley32@ifeng.com,Male,186.45.245.121;;;;
112,Chiquia,Martins,cmartins33@army.mil,Female,131.142.225.241;;;;
113,Yorgo,Pittway,ypittway34@multiply.com,Male,155.146.210.240;;;;
114,Yolanda,Donohue,ydonohue35@java.com,Female,76.232.26.20;;;;
115,Lucho,Handke,lhandke36@gov.uk,Male,184.181.202.18;;;;
116,Alastair,Beevis,abeevis37@t.co,Male,81.67.162.3;;;;
117,Mirilla,Meas,mmeas38@wikipedia.org,Female,166.210.123.121;;;;
118,Gwendolen,Voaden,gvoaden39@ucoz.com,Female,234.240.34.50;;;;
119,Buiron,Stanbridge,bstanbridge3a@youtu.be,Male,171.63.8.86;;;;
120,Angy,Clarey,aclarey3b@issuu.com,Female,107.220.136.110;;;;
121,Arron,Edling,aedling3c@theglobeandmail.com,Male,32.87.35.72;;;;
122,Donavon,Greiswood,dgreiswood3d@boston.com,Male,194.163.69.12;;;;
123,Nanny,Block,nblock3e@loc.gov,Female,210.191.252.166;;;;
124,Othella,Till,otill3f@auda.org.au,Female,62.203.243.228;;;;
125,Osborn,Diggins,odiggins3g@scientificamerican.com,Male,151.107.113.175;;;;
126,Chrissy,Lax,clax3h@boston.com,Female,87.123.156.184;;;;
127,Orbadiah,Poyzer,opoyzer3i@freewebs.com,Male,47.6.63.227;;;;
128,Tory,Kloisner,tkloisner3j@google.com,Female,145.165.110.180;;;;
129,Byram,Borwick,bborwick3k@ustream.tv,Male,68.57.78.55;;;;
130,Culley,Sharples,csharples3l@4shared.com,Male,56.205.193.186;;;;
131,Berthe,McMurray,bmcmurray3m@is.gd,Female,116.117.138.241;;;;
132,Antonetta,Kall,akall3n@ehow.com,Female,66.152.65.67;;;;
133,Gaspard,Cromar,gcromar3o@dailymotion.com,Male,51.226.225.180;;;;
134,Codi,Crummie,ccrummie3p@prlog.org,Male,92.0.147.39;;;;
135,Sherie,Patria,spatria3q@google.de,Female,245.117.198.53;;;;
136,Trev,Hockell,thockell3r@delicious.com,Male,63.238.13.228;;;;
137,Joline,Armfield,jarmfield3s@geocities.jp,Female,48.24.103.154;;;;
138,Gannie,Geerdts,ggeerdts3t@quantcast.com,Male,205.191.6.210;;;;
139,Alonzo,Jerdon,ajerdon3u@wikispaces.com,Male,198.184.223.12;;;;
140,Angelita,Egar,aegar3v@twitpic.com,Female,102.97.245.110;;;;
141,Gardie,Windridge,gwindridge3w@51.la,Male,43.95.90.65;;;;
142,Melli,Whitechurch,mwhitechurch3x@reference.com,Female,161.117.34.103;;;;
143,Isadora,Hatry,ihatry3y@dot.gov,Female,237.216.241.94;;;;
144,Maxim,Dallin,mdallin3z@t.co,Male,10.57.13.227;;;;
145,Holmes,Jordanson,hjordanson40@4shared.com,Male,84.250.185.83;;;;
146,Phyllis,Akam,pakam41@google.com.au,Female,159.73.183.107;;;;
147,Rochelle,Kender,rkender42@ow.ly,Female,99.156.73.128;;;;
148,Barbara,Huckett,bhuckett43@last.fm,Female,229.213.137.51;;;;
149,Kakalina,Drage,kdrage44@icq.com,Female,175.247.40.151;;;;
150,Sharity,Dyball,sdyball45@berkeley.edu,Female,200.133.38.34;;;;
151,Napoleon,Derisley,nderisley46@delicious.com,Male,33.55.235.162;;;;
152,Jeromy,Willoway,jwilloway47@usatoday.com,Male,104.23.244.63;;;;
153,Stanislaus,Vautre,svautre48@seattletimes.com,Male,34.255.243.243;;;;
154,Libbey,Wildbore,lwildbore49@stumbleupon.com,Female,208.118.217.70;;;;
155,Westbrook,Kedwell,wkedwell4a@123-reg.co.uk,Male,176.166.194.94;;;;
156,Dinny,Brearton,dbrearton4b@last.fm,Female,87.37.177.204;;;;
157,Georgeta,Joist,gjoist4c@amazon.de,Female,239.151.43.7;;;;
158,Pip,McMylor,pmcmylor4d@fema.gov,Male,157.86.179.73;;;;
159,Nicolis,Tunney,ntunney4e@free.fr,Male,71.198.14.85;;;;
160,Issi,Albrook,ialbrook4f@sitemeter.com,Female,10.152.184.171;;;;
161,Ebeneser,Knell,eknell4g@apache.org,Male,186.24.71.14;;;;
162,Duffy,Varlow,dvarlow4h@photobucket.com,Male,27.48.223.57;;;;
163,Laurie,Braferton,lbraferton4i@lulu.com,Male,238.246.168.152;;;;
164,Ernaline,Pigdon,epigdon4j@163.com,Female,28.60.59.231;;;;
165,Leroi,Tethcote,ltethcote4k@cloudflare.com,Male,150.60.115.27;;;;
166,Dur,Weaben,dweaben4l@samsung.com,Male,234.35.230.98;;;;
167,Jonis,Lidgard,jlidgard4m@techcrunch.com,Female,220.171.21.82;;;;
168,Feodora,Donnan,fdonnan4n@epa.gov,Female,93.245.248.97;;;;
169,Henrik,Bahl,hbahl4o@dmoz.org,Male,235.216.189.199;;;;
170,Sharlene,Egentan,segentan4p@angelfire.com,Female,121.195.192.160;;;;
171,Bellanca,Duthie,bduthie4q@weebly.com,Female,21.239.168.39;;;;
172,Robenia,Trayton,rtrayton4r@storify.com,Female,78.150.219.6;;;;
173,Roselia,Kauscher,rkauscher4s@shinystat.com,Female,248.199.12.171;;;;
174,Craig,Rillett,crillett4t@histats.com,Male,130.198.203.68;;;;
175,Basile,Gimenez,bgimenez4u@rambler.ru,Male,180.137.59.128;;;;
176,Reinald,Blenkin,rblenkin4v@cnet.com,Male,54.153.173.113;;;;
177,Kamillah,Cromb,kcromb4w@moonfruit.com,Female,153.229.214.92;;;;
178,Anestassia,Gallichan,agallichan4x@tinypic.com,Female,54.208.41.12;;;;
179,Shannon,Schukraft,sschukraft4y@utexas.edu,Male,172.160.249.35;;;;
180,Grantham,Kadwallider,gkadwallider4z@whitehouse.gov,Male,218.5.154.192;;;;
181,Hakeem,Master,hmaster50@livejournal.com,Male,117.185.27.218;;;;
182,Guinevere,Estcourt,gestcourt51@de.vu,Female,252.219.123.16;;;;
183,Fowler,Bucher,fbucher52@mediafire.com,Male,107.76.171.179;;;;
184,Gordan,Haggerstone,ghaggerstone53@gov.uk,Male,219.202.86.196;;;;
185,Filbert,Gelder,fgelder54@narod.ru,Male,218.10.68.243;;;;
186,Melvyn,Dominichelli,mdominichelli55@ifeng.com,Male,59.71.227.29;;;;
187,Darla,Devinn,ddevinn56@smh.com.au,Female,30.156.46.233;;;;
188,Martha,Pharro,mpharro57@reference.com,Female,85.29.122.17;;;;
189,Domini,Huegett,dhuegett58@dyndns.org,Female,238.135.85.103;;;;
190,Toni,Monery,tmonery59@nyu.edu,Female,15.199.214.161;;;;
191,Bili,O'Loinn,boloinn5a@microsoft.com,Female,221.141.195.81;;;;
192,Culley,Lugsdin,clugsdin5b@sohu.com,Male,65.18.45.61;;;;
193,Garold,Davenhall,gdavenhall5c@hc360.com,Male,143.1.33.65;;;;
194,Gayler,Kensit,gkensit5d@princeton.edu,Male,204.200.66.66;;;;
195,Byran,Lamyman,blamyman5e@instagram.com,Male,54.221.8.83;;;;
196,Debora,Nurdin,dnurdin5f@so-net.ne.jp,Female,172.99.235.83;;;;
197,Kirsten,Sopp,ksopp5g@technorati.com,Female,164.94.203.146;;;;
198,Gauthier,Frear,gfrear5h@pen.io,Male,64.25.169.165;;;;
199,Murry,Bulfoot,mbulfoot5i@nba.com,Male,107.14.193.150;;;;
200,Anjanette,Senechell,asenechell5j@ucla.edu,Female,27.5.232.45;;;;
201,Lissi,Callander,lcallander5k@msn.com,Female,11.51.127.54;;;;
202,Mariel,Lavers,mlavers5l@usatoday.com,Female,4.220.41.169;;;;
203,Letti,Baulch,lbaulch5m@indiatimes.com,Female,114.233.181.22;;;;
204,Janek,Mattheissen,jmattheissen5n@smh.com.au,Male,162.40.6.110;;;;
205,Betsy,Veschambre,bveschambre5o@kickstarter.com,Female,71.100.97.244;;;;
206,Olympie,Halladey,ohalladey5p@1und1.de,Female,139.131.138.191;;;;
207,Keely,Gladdish,kgladdish5q@ca.gov,Female,252.183.173.50;;;;
208,Kathye,Collar,kcollar5r@columbia.edu,Female,54.161.173.113;;;;
209,Catherin,M'Quharg,cmquharg5s@a8.net,Female,101.219.215.138;;;;
210,Der,Phillimore,dphillimore5t@webeden.co.uk,Male,188.179.176.126;;;;
211,Sheena,Naulls,snaulls5u@cam.ac.uk,Female,88.91.88.42;;;;
212,Cooper,Leahy,cleahy5v@domainmarket.com,Male,161.222.123.236;;;;
213,Winne,Wong,wwong5w@irs.gov,Female,198.209.246.0;;;;
214,Nicolle,Been,nbeen5x@rediff.com,Female,244.11.111.254;;;;
215,Fannie,Soppett,fsoppett5y@tripadvisor.com,Female,215.13.101.77;;;;
216,Ronny,Pretswell,rpretswell5z@arizona.edu,Male,194.14.22.8;;;;
217,Gerry,Fallon,gfallon60@unblog.fr,Female,166.232.6.46;;;;
218,Bamby,Sam,bsam61@dot.gov,Female,153.13.212.86;;;;
219,Arv,Brockwell,abrockwell62@geocities.jp,Male,25.9.134.191;;;;
220,Baldwin,Bruna,bbruna63@latimes.com,Male,255.178.160.56;;;;
221,Cindy,Kenyon,ckenyon64@tinyurl.com,Female,56.85.140.155;;;;
222,Karleen,Elph,kelph65@ftc.gov,Female,222.76.196.13;;;;
223,Wells,Kubach,wkubach66@w3.org,Male,10.64.232.230;;;;
224,Kerwinn,Gourlay,kgourlay67@clickbank.net,Male,114.243.115.141;;;;
225,Tania,Snelman,tsnelman68@sfgate.com,Female,229.18.104.251;;;;
226,Conrad,Baitey,cbaitey69@chicagotribune.com,Male,18.79.231.57;;;;
227,Chrysler,Claricoates,cclaricoates6a@businesswire.com,Female,90.49.28.214;;;;
228,Kirbie,MacNeilage,kmacneilage6b@360.cn,Female,64.111.194.156;;;;
229,Starlin,Waterdrinker,swaterdrinker6c@yandex.ru,Female,219.164.12.226;;;;
230,Grantham,Byford,gbyford6d@behance.net,Male,163.56.54.224;;;;
231,Sibbie,Fray,sfray6e@goodreads.com,Female,154.110.241.46;;;;
232,Tremayne,Spelwood,tspelwood6f@xrea.com,Male,155.244.130.183;;;;
233,Octavia,Gullam,ogullam6g@cafepress.com,Female,208.208.65.123;;;;
234,Fern,Deek,fdeek6h@google.com.au,Female,137.139.183.220;;;;
235,Clea,Mc Giffin,cmcgiffin6i@uiuc.edu,Female,14.74.198.93;;;;
236,Rubin,Hince,rhince6j@delicious.com,Male,233.118.92.120;;;;
237,Annecorinne,Shrimpling,ashrimpling6k@sfgate.com,Female,225.220.61.69;;;;
238,Catrina,Devall,cdevall6l@google.pl,Female,112.217.181.211;;;;
239,Ardeen,Brideau,abrideau6m@yelp.com,Female,110.55.75.197;;;;
240,Birk,Bownd,bbownd6n@weather.com,Male,225.248.190.19;;;;
241,Welch,Grigsby,wgrigsby6o@state.tx.us,Male,183.176.214.168;;;;
242,Matthiew,Mill,mmill6p@sun.com,Male,141.90.49.63;;;;
243,Cristionna,Ruttgers,cruttgers6q@unicef.org,Female,136.76.151.148;;;;
244,Broderic,Aucutt,baucutt6r@amazon.co.uk,Male,74.237.247.115;;;;
245,Marion,Selcraig,mselcraig6s@dyndns.org,Male,227.55.219.244;;;;
246,Jeffrey,Blackie,jblackie6t@live.com,Male,218.152.210.120;;;;
247,Johanna,Room,jroom6u@tumblr.com,Female,241.208.157.166;;;;
248,Dick,Purbrick,dpurbrick6v@europa.eu,Male,29.61.96.222;;;;
249,Tisha,Gresley,tgresley6w@sun.com,Female,176.223.247.185;;;;
250,Mala,Twitty,mtwitty6x@washington.edu,Female,3.159.108.147;;;;
251,Sylvan,Robun,srobun6y@tuttocitta.it,Male,50.190.164.71;;;;
252,Benji,Kingsley,bkingsley6z@mozilla.com,Male,222.42.215.168;;;;
253,Grannie,Vondra,gvondra70@cmu.edu,Male,54.246.217.63;;;;
254,Norrie,Matresse,nmatresse71@imgur.com,Male,103.233.20.252;;;;
255,Levi,O'Meara,lomeara72@sourceforge.net,Male,39.251.230.123;;;;
256,Kania,Haylor,khaylor73@blogspot.com,Female,155.210.172.235;;;;
257,Meade,Persicke,mpersicke74@harvard.edu,Male,195.153.108.209;;;;
258,Aubrie,Kabsch,akabsch75@epa.gov,Female,251.171.129.1;;;;
259,Kore,Autin,kautin76@wordpress.com,Female,69.159.234.122;;;;
260,Rolfe,Brentnall,rbrentnall77@bloomberg.com,Male,107.67.50.26;;;;
261,Rodi,Kuhlen,rkuhlen78@nasa.gov,Female,40.208.187.52;;;;
262,Percival,Walcar,pwalcar79@uol.com.br,Male,143.111.144.75;;;;
263,Killie,Bilbee,kbilbee7a@mapquest.com,Male,53.210.98.83;;;;
264,Lissy,Skelhorn,lskelhorn7b@squarespace.com,Female,138.161.192.171;;;;
265,Issy,Alster,ialster7c@harvard.edu,Female,103.252.191.226;;;;
266,Gabriella,Skewis,gskewis7d@parallels.com,Female,49.214.35.216;;;;
267,Janek,Eaken,jeaken7e@un.org,Male,183.249.75.36;;;;
268,Hamilton,Noye,hnoye7f@theglobeandmail.com,Male,30.52.252.85;;;;
269,Briant,Yatman,byatman7g@sourceforge.net,Male,163.58.39.239;;;;
270,Cacilia,Kubin,ckubin7h@accuweather.com,Female,127.101.5.255;;;;
271,Allis,Jepps,ajepps7i@squidoo.com,Female,104.128.56.77;;;;
272,Dianemarie,Swiffan,dswiffan7j@google.com.hk,Female,102.103.125.103;;;;
273,Claybourne,Domenichelli,cdomenichelli7k@github.com,Male,129.234.133.240;;;;
274,Lauryn,Renzini,lrenzini7l@com.com,Female,4.175.239.99;;;;
275,Sven,Bernardotte,sbernardotte7m@noaa.gov,Male,79.215.234.3;;;;
276,Faustine,Veitch,fveitch7n@columbia.edu,Female,93.53.68.240;;;;
277,Vanna,Bothwell,vbothwell7o@sphinn.com,Female,31.207.116.73;;;;
278,Glory,Yakovliv,gyakovliv7p@jalbum.net,Female,165.230.100.62;;;;
279,Tiler,Helm,thelm7q@tiny.cc,Male,66.5.34.135;;;;
280,Jennine,Babcock,jbabcock7r@archive.org,Female,79.39.167.195;;;;
281,Robinet,Gleader,rgleader7s@baidu.com,Male,70.107.195.204;;;;
282,Dominik,Officer,dofficer7t@123-reg.co.uk,Male,45.111.152.43;;;;
283,Dulsea,Blatchford,dblatchford7u@yandex.ru,Female,135.196.43.198;;;;
284,Ilario,Barrett,ibarrett7v@goo.ne.jp,Male,81.217.206.137;;;;
285,Rosanna,Fillon,rfillon7w@parallels.com,Female,141.69.142.97;;;;
286,Lucais,Cousen,lcousen7x@marketwatch.com,Male,27.85.111.127;;;;
287,Xavier,Coulbeck,xcoulbeck7y@wiley.com,Male,192.213.135.225;;;;
288,Eduardo,Addenbrooke,eaddenbrooke7z@howstuffworks.com,Male,204.74.23.153;;;;
289,Veronika,Gaffon,vgaffon80@cargocollective.com,Female,243.106.166.184;;;;
290,Evaleen,Folke,efolke81@webeden.co.uk,Female,227.236.8.143;;;;
291,Lock,Dunstan,ldunstan82@japanpost.jp,Male,194.230.106.193;;;;
292,Vladimir,Brobak,vbrobak83@qq.com,Male,34.161.168.53;;;;
293,Rabbi,Oxford,roxford84@blogger.com,Male,67.188.2.65;;;;
294,Mia,Kmiec,mkmiec85@wordpress.org,Female,102.16.110.18;;;;
295,Evie,Cloutt,ecloutt86@wordpress.org,Female,216.143.117.63;;;;
296,Neale,Tosh,ntosh87@mashable.com,Male,212.137.185.83;;;;
297,Hermy,Mutimer,hmutimer88@state.tx.us,Male,234.3.122.157;;;;
298,Eugine,Giacomuzzo,egiacomuzzo89@gizmodo.com,Female,7.119.174.186;;;;
299,Cassie,Tregensoe,ctregensoe8a@imdb.com,Female,244.49.231.216;;;;
300,Meryl,Stothart,mstothart8b@barnesandnoble.com,Female,247.154.233.34;;;;
301,Rene,Tincombe,rtincombe8c@rakuten.co.jp,Female,38.237.51.97;;;;
302,Vita,Gonoude,vgonoude8d@istockphoto.com,Female,62.229.130.190;;;;
303,Adolph,Barbary,abarbary8e@wufoo.com,Male,171.146.110.144;;;;
304,Adoree,Muselli,amuselli8f@ow.ly,Female,173.156.196.167;;;;
305,Gabriello,Toulamain,gtoulamain8g@wired.com,Male,172.37.198.127;;;;
306,Trevar,Fitzpatrick,tfitzpatrick8h@newsvine.com,Male,42.191.140.21;;;;
307,Jonis,Coneley,jconeley8i@live.com,Female,191.98.76.7;;;;
308,Xymenes,Merriman,xmerriman8j@huffingtonpost.com,Male,167.21.35.191;;;;
309,Vasily,Rodolphe,vrodolphe8k@photobucket.com,Male,209.148.193.179;;;;
310,Luce,O'Kieran,lokieran8l@51.la,Male,254.165.157.18;;;;
311,April,Masarrat,amasarrat8m@booking.com,Female,170.53.162.41;;;;
312,Skye,Sturt,ssturt8n@wikipedia.org,Male,72.184.92.1;;;;
313,Cort,Gainsbury,cgainsbury8o@wisc.edu,Male,92.202.25.88;;;;
314,Hayden,Pygott,hpygott8p@networksolutions.com,Male,206.206.174.30;;;;
315,Martita,MacBean,mmacbean8q@godaddy.com,Female,194.166.235.231;;;;
316,Benoit,Tapsell,btapsell8r@mozilla.com,Male,200.233.42.35;;;;
317,Gustave,Revington,grevington8s@fotki.com,Male,106.0.35.191;;;;
318,Vanya,Docharty,vdocharty8t@nih.gov,Female,155.56.59.189;;;;
319,Wendeline,Welds,wwelds8u@wisc.edu,Female,198.15.203.233;;;;
320,Culver,Desmond,cdesmond8v@examiner.com,Male,199.6.32.162;;;;
321,Haslett,Lissemore,hlissemore8w@opensource.org,Male,51.92.166.157;;;;
322,Van,Voas,vvoas8x@pbs.org,Male,164.94.140.82;;;;
323,Jarad,McVeagh,jmcveagh8y@gov.uk,Male,114.40.117.45;;;;
324,Mathew,Marsh,mmarsh8z@cbslocal.com,Male,31.253.210.161;;;;
325,Ashlan,Bazoge,abazoge90@behance.net,Female,229.41.149.53;;;;
326,Orsa,Draycott,odraycott91@uiuc.edu,Female,181.85.104.58;;;;
327,Valeria,Faint,vfaint92@baidu.com,Female,143.43.126.243;;;;
328,Cammi,Cotgrove,ccotgrove93@mashable.com,Female,247.6.171.207;;;;
329,Uriah,Strathern,ustrathern94@tamu.edu,Male,52.129.87.235;;;;
330,Martyn,Bachellier,mbachellier95@hp.com,Male,198.24.146.14;;;;
331,Caprice,Myerscough,cmyerscough96@biglobe.ne.jp,Female,248.193.37.185;;;;
332,North,Windrum,nwindrum97@ftc.gov,Male,23.225.33.211;;;;
333,Harley,Bris,hbris98@archive.org,Male,89.120.30.140;;;;
334,Red,Kaser,rkaser99@digg.com,Male,238.182.131.145;;;;
335,Erick,Coaker,ecoaker9a@house.gov,Male,177.97.211.199;;;;
336,Blinnie,Di Giacomo,bdigiacomo9b@squidoo.com,Female,15.254.58.61;;;;
337,Judon,Gruczka,jgruczka9c@parallels.com,Male,249.131.243.150;;;;
338,Royce,Hambelton,rhambelton9d@moonfruit.com,Male,248.219.79.85;;;;
339,Eileen,Wickwar,ewickwar9e@yolasite.com,Female,224.87.28.135;;;;
340,Tobe,Kinchlea,tkinchlea9f@wp.com,Female,153.136.138.167;;;;
341,Aldwin,Wickham,awickham9g@barnesandnoble.com,Male,44.204.210.171;;;;
342,Pollyanna,Heisman,pheisman9h@newyorker.com,Female,117.179.135.31;;;;
343,Jeremy,Newband,jnewband9i@sohu.com,Male,245.159.103.128;;;;
344,Ofilia,Lawrance,olawrance9j@wix.com,Female,81.90.87.233;;;;
345,Janos,Russi,jrussi9k@aboutads.info,Male,59.55.30.106;;;;
346,Akim,Hastin,ahastin9l@posterous.com,Male,180.184.84.241;;;;
347,Siouxie,Chittenden,schittenden9m@nasa.gov,Female,233.182.251.172;;;;
348,Roch,Raggett,rraggett9n@simplemachines.org,Female,42.145.7.211;;;;
349,Fax,Daice,fdaice9o@plala.or.jp,Male,124.75.116.16;;;;
350,Jazmin,Egiloff,jegiloff9p@thetimes.co.uk,Female,88.94.153.217;;;;
351,Brina,Seneschal,bseneschal9q@github.io,Female,51.55.180.153;;;;
352,Der,MacFadzan,dmacfadzan9r@joomla.org,Male,0.100.95.237;;;;
353,Giraud,Yurin,gyurin9s@weather.com,Male,17.94.17.83;;;;
354,Inger,Reichert,ireichert9t@blog.com,Male,206.4.245.248;;;;
355,Susanna,Marty,smarty9u@wsj.com,Female,180.90.50.5;;;;
356,Alva,Joire,ajoire9v@typepad.com,Male,161.95.136.121;;;;
357,Jobi,O'Longain,jolongain9w@plala.or.jp,Female,28.221.74.75;;;;
358,Caldwell,Peerman,cpeerman9x@cafepress.com,Male,25.2.118.18;;;;
359,Perle,Wardrop,pwardrop9y@ucoz.com,Female,199.145.186.52;;;;
360,Malorie,Risebarer,mrisebarer9z@godaddy.com,Female,56.118.130.175;;;;
361,Lukas,Klesse,lklessea0@google.com.au,Male,115.13.168.215;;;;
362,Benny,Hodinton,bhodintona1@cisco.com,Female,238.236.242.185;;;;
363,Alys,Dornan,adornana2@intel.com,Female,12.232.11.252;;;;
364,Etan,Inkin,einkina3@wunderground.com,Male,182.20.253.6;;;;
365,Joey,Broseke,jbrosekea4@cisco.com,Male,37.185.27.241;;;;
366,Sheridan,Faragan,sfaragana5@springer.com,Male,116.34.47.255;;;;
367,Emmaline,Hiscoe,ehiscoea6@samsung.com,Female,223.82.36.126;;;;
368,Winnah,Dibb,wdibba7@lycos.com,Female,95.93.78.6;;;;
369,Robb,Torry,rtorrya8@google.com.hk,Male,122.203.219.150;;;;
370,Bendicty,Fuidge,bfuidgea9@craigslist.org,Male,97.149.151.165;;;;
371,Stacee,Sommerlin,ssommerlinaa@mapquest.com,Female,179.28.51.219;;;;
372,Riley,Giffin,rgiffinab@mlb.com,Male,189.176.100.159;;;;
373,Ardath,Golborn,agolbornac@loc.gov,Female,249.154.83.192;;;;
374,Yorker,Crippill,ycrippillad@weather.com,Male,37.136.110.43;;;;
375,Dimitri,Agget,daggetae@cocolog-nifty.com,Male,129.101.189.213;;;;
376,Douglass,Doumer,ddoumeraf@state.gov,Male,28.84.44.66;;;;
377,Emogene,Charon,echaronag@linkedin.com,Female,201.177.255.216;;;;
378,Flora,Elacoate,felacoateah@yellowpages.com,Female,136.236.135.22;;;;
379,Ambrosi,Matheson,amathesonai@wix.com,Male,226.141.173.218;;;;
380,Davina,Gregh,dgreghaj@usgs.gov,Female,29.74.186.111;;;;
381,Astra,Kenwood,akenwoodak@ehow.com,Female,27.212.166.61;;;;
382,Chrisse,Lineham,clinehamal@facebook.com,Male,112.183.119.175;;;;
383,Tripp,Chern,tchernam@go.com,Male,38.73.245.100;;;;
384,Niccolo,Allardyce,nallardycean@ovh.net,Male,112.207.117.102;;;;
385,Philbert,Gowanlock,pgowanlockao@diigo.com,Male,57.226.10.22;;;;
386,Daffi,Stockle,dstockleap@nasa.gov,Female,60.140.30.191;;;;
387,Vincenz,Stede,vstedeaq@youtube.com,Male,101.158.24.165;;;;
388,Luciana,Boman,lbomanar@lulu.com,Female,182.183.33.50;;;;
389,Baxter,Aronin,baroninas@mail.ru,Male,82.82.195.82;;;;
390,Ethelred,Gregersen,egregersenat@twitter.com,Male,240.179.169.45;;;;
391,Jarrett,Stickels,jstickelsau@posterous.com,Male,243.157.175.95;;;;
392,Daryl,Braidley,dbraidleyav@earthlink.net,Female,100.219.63.176;;;;
393,Zarla,Reeves,zreevesaw@fotki.com,Female,69.53.27.172;;;;
394,Casper,Luciano,clucianoax@dmoz.org,Male,129.244.30.24;;;;
395,Dew,Valerius,dvaleriusay@soup.io,Male,202.180.64.17;;;;
396,Astrid,Beaves,abeavesaz@webs.com,Female,30.175.13.185;;;;
397,Urson,Winckle,uwinckleb0@marketwatch.com,Male,180.97.151.33;;;;
398,Merle,Stopforth,mstopforthb1@ebay.com,Male,43.250.54.34;;;;
399,Zitella,Southcott,zsouthcottb2@zdnet.com,Female,199.136.230.205;;;;
400,Joscelin,McCurley,jmccurleyb3@adobe.com,Female,223.31.74.156;;;;
401,Salli,Merner,smernerb4@creativecommons.org,Female,77.170.241.159;;;;
402,Sammie,Samwayes,ssamwayesb5@friendfeed.com,Male,12.211.182.244;;;;
403,Antonius,Pinnere,apinnereb6@howstuffworks.com,Male,129.222.31.242;;;;
404,Arly,Starbucke,astarbuckeb7@dedecms.com,Female,227.199.229.85;;;;
405,Haley,Drinkhall,hdrinkhallb8@quantcast.com,Male,227.143.230.134;;;;
406,Hank,Coldicott,hcoldicottb9@nature.com,Male,156.150.143.176;;;;
407,Alfonse,Plaide,aplaideba@prweb.com,Male,253.158.217.236;;;;
408,Tomaso,Trenaman,ttrenamanbb@blinklist.com,Male,70.37.9.113;;;;
409,Ramon,McGarrity,rmcgarritybc@chron.com,Male,152.52.206.179;;;;
410,Yul,Furmston,yfurmstonbd@slideshare.net,Male,248.194.162.47;;;;
411,Andrej,Berendsen,aberendsenbe@nba.com,Male,27.51.204.6;;;;
412,Jyoti,Gercke,jgerckebf@myspace.com,Female,248.29.26.172;;;;
413,Chet,Rigler,criglerbg@theatlantic.com,Male,0.84.150.253;;;;
414,Juieta,Camillo,jcamillobh@list-manage.com,Female,230.117.54.222;;;;
415,Fawne,Panner,fpannerbi@mlb.com,Female,137.201.114.31;;;;
416,Corina,Gajewski,cgajewskibj@hugedomains.com,Female,58.6.81.218;;;;
417,Cobbie,Halliwell,challiwellbk@sphinn.com,Male,134.192.232.220;;;;
418,Rutger,Yersin,ryersinbl@xinhuanet.com,Male,196.102.227.120;;;;
419,Murry,Geke,mgekebm@webs.com,Male,139.179.56.33;;;;
420,Stinky,Bartrop,sbartropbn@google.com.br,Male,201.64.173.137;;;;
421,Gaile,Costen,gcostenbo@mozilla.org,Male,253.123.188.81;;;;
422,Inna,Zavattieri,izavattieribp@comsenz.com,Female,57.211.0.96;;;;
423,Jaymie,Quantick,jquantickbq@webs.com,Male,66.126.5.7;;;;
424,Thomasin,Whistlecroft,twhistlecroftbr@dedecms.com,Female,196.180.141.200;;;;
425,Siegfried,Trott,strottbs@cnet.com,Male,27.128.246.170;;;;
426,Olivero,Hurdedge,ohurdedgebt@cbsnews.com,Male,3.126.99.52;;;;
427,Isaiah,Tamsett,itamsettbu@list-manage.com,Male,123.252.41.94;;;;
428,Hal,Muckley,hmuckleybv@alexa.com,Male,184.94.196.177;;;;
429,Mareah,Copas,mcopasbw@yelp.com,Female,26.41.172.146;;;;
430,Pauline,Hutchcraft,phutchcraftbx@cnet.com,Female,40.33.210.251;;;;
431,Charla,Dallan,cdallanby@rediff.com,Female,59.131.104.196;;;;
432,Jerry,Plesing,jplesingbz@cargocollective.com,Male,179.81.239.77;;;;
433,Nerta,Merrydew,nmerrydewc0@diigo.com,Female,232.89.185.48;;;;
434,Gustavo,McInulty,gmcinultyc1@nba.com,Male,238.150.210.122;;;;
435,Leela,Goshawke,lgoshawkec2@bing.com,Female,32.58.171.215;;;;
436,Shawn,Lorans,sloransc3@infoseek.co.jp,Male,89.17.129.173;;;;
437,Rolf,Shugg,rshuggc4@blogtalkradio.com,Male,158.25.57.83;;;;
438,Sharlene,Renshell,srenshellc5@kickstarter.com,Female,76.82.113.102;;;;
439,Emelen,MacGiolla Pheadair,emacgiollapheadairc6@prweb.com,Male,81.113.250.132;;;;
440,Flem,Walduck,fwalduckc7@psu.edu,Male,10.191.46.28;;;;
441,Katrinka,Earey,keareyc8@livejournal.com,Female,209.126.180.161;;;;
442,Archie,Maffulli,amaffullic9@utexas.edu,Male,95.71.65.226;;;;
443,Mora,Lydiate,mlydiateca@xrea.com,Female,108.57.7.170;;;;
444,David,Orehead,doreheadcb@istockphoto.com,Male,218.149.26.198;;;;
445,Cheston,Sentance,csentancecc@deliciousdays.com,Male,178.67.172.24;;;;
446,Florrie,Branca,fbrancacd@nifty.com,Female,25.84.44.67;;;;
447,Dale,Bullimore,dbullimorece@usgs.gov,Female,21.198.203.162;;;;
448,Theresita,Hubeaux,thubeauxcf@opensource.org,Female,100.155.119.177;;;;
449,Laverne,Bletso,lbletsocg@cmu.edu,Female,92.165.44.67;;;;
450,Tammy,Dennerley,tdennerleych@soundcloud.com,Male,184.107.32.139;;;;
451,Klara,Navarro,knavarroci@opensource.org,Female,13.50.214.30;;;;
452,Rosanne,Manoelli,rmanoellicj@1und1.de,Female,8.22.180.193;;;;
453,Whittaker,Rabjohn,wrabjohnck@washington.edu,Male,29.126.139.105;;;;
454,Clarette,Pasterfield,cpasterfieldcl@si.edu,Female,89.206.254.114;;;;
455,Kris,Nevinson,knevinsoncm@altervista.org,Female,122.226.169.164;;;;
456,Adolph,Galle,agallecn@youtube.com,Male,199.66.157.85;;;;
457,Berenice,Blakesley,bblakesleyco@google.nl,Female,164.29.220.221;;;;
458,Marsha,Torr,mtorrcp@ebay.co.uk,Female,15.14.88.226;;;;
459,Caddric,Flowitt,cflowittcq@webs.com,Male,10.176.163.7;;;;
460,Edee,Berkley,eberkleycr@samsung.com,Female,158.246.157.121;;;;
461,Alissa,Unitt,aunittcs@privacy.gov.au,Female,23.106.137.120;;;;
462,Enos,Wymer,ewymerct@hibu.com,Male,1.207.139.32;;;;
463,Ermina,Hairyes,ehairyescu@vistaprint.com,Female,232.195.70.251;;;;
464,Hatty,Denty,hdentycv@plala.or.jp,Female,106.179.71.67;;;;
465,Torre,Alessandone,talessandonecw@vkontakte.ru,Male,191.24.38.101;;;;
466,Aldis,Cullingworth,acullingworthcx@webs.com,Male,56.166.130.117;;;;
467,Edithe,De Marchi,edemarchicy@cargocollective.com,Female,88.135.232.81;;;;
468,Pansie,Olwen,polwencz@imgur.com,Female,185.139.2.53;;;;
469,Victoria,Clampin,vclampind0@360.cn,Female,5.17.191.124;;;;
470,Rubetta,Shwalbe,rshwalbed1@time.com,Female,131.48.66.157;;;;
471,Peggi,Louiset,plouisetd2@psu.edu,Female,9.57.250.218;;;;
472,Sherye,Dreghorn,sdreghornd3@marriott.com,Female,64.42.67.43;;;;
473,Karola,Sandbach,ksandbachd4@flickr.com,Female,116.11.246.165;;;;
474,Anjanette,McCadden,amccaddend5@cnet.com,Female,107.39.127.153;;;;
475,Ashby,Humble,ahumbled6@amazon.co.jp,Male,127.80.193.38;;;;
476,Bethanne,Trenam,btrenamd7@eepurl.com,Female,77.162.73.40;;;;
477,Fax,Hallet,fhalletd8@hud.gov,Male,168.39.34.235;;;;
478,Gloriane,Bonnor,gbonnord9@businessweek.com,Female,215.172.139.173;;;;
479,Tuck,Robbs,trobbsda@weibo.com,Male,227.10.51.74;;;;
480,Mel,De Paoli,mdepaolidb@weibo.com,Male,140.74.178.98;;;;
481,Bebe,Regelous,bregelousdc@posterous.com,Female,93.243.159.231;;;;
482,Ardene,Broseke,abrosekedd@reverbnation.com,Female,124.206.245.208;;;;
483,Eba,Lantoph,elantophde@columbia.edu,Female,89.144.124.137;;;;
484,Merola,Greystock,mgreystockdf@people.com.cn,Female,82.155.110.229;;;;
485,Barrie,Ching,bchingdg@yelp.com,Male,170.78.101.201;;;;
486,Meghan,Mixture,mmixturedh@blinklist.com,Female,187.113.29.192;;;;
487,Harli,Targe,htargedi@acquirethisname.com,Female,140.191.77.58;;;;
488,Sibella,Kyme,skymedj@cyberchimps.com,Female,227.119.139.19;;;;
489,Gawain,Myrick,gmyrickdk@usgs.gov,Male,89.115.75.75;;;;
490,Georgina,Baggs,gbaggsdl@1688.com,Female,211.107.115.173;;;;
491,Dale,Oldfield,doldfielddm@wired.com,Female,149.216.114.79;;;;
492,Doralynne,Radish,dradishdn@howstuffworks.com,Female,60.252.231.189;;;;
493,Johanna,Plaxton,jplaxtondo@cbc.ca,Female,44.18.190.171;;;;
494,Zsazsa,Springett,zspringettdp@pcworld.com,Female,212.35.245.187;;;;
495,Eadith,Tatam,etatamdq@pcworld.com,Female,11.43.179.248;;;;
496,Beverley,Denzey,bdenzeydr@mac.com,Female,229.158.176.80;;;;
497,Augustus,Stanlick,astanlickds@quantcast.com,Male,71.170.110.156;;;;
498,La verne,Laydon,llaydondt@yahoo.co.jp,Female,67.96.185.16;;;;
499,Kelsi,Kowalski,kkowalskidu@lulu.com,Female,189.126.29.50;;;;
500,Ursula,Deware,udewaredv@wordpress.com,Female,211.34.255.54;;;;
501,Nevil,Kilcoyne,nkilcoynedw@prnewswire.com,Male,156.1.172.84;;;;
502,Jennica,Schrir,jschrirdx@mapquest.com,Female,228.52.221.56;;;;
503,Dayna,Hulls,dhullsdy@blog.com,Female,119.40.27.9;;;;
504,Persis,MacGeaney,pmacgeaneydz@jimdo.com,Female,83.68.75.178;;;;
505,Heddi,Kitchenham,hkitchenhame0@imgur.com,Female,63.113.35.42;;;;
506,Shelden,Grimshaw,sgrimshawe1@blog.com,Male,197.17.97.46;;;;
507,Vasili,Palphramand,vpalphramande2@prlog.org,Male,227.93.124.148;;;;
508,Neils,Dubery,nduberye3@ycombinator.com,Male,14.130.99.72;;;;
509,Norry,Dolby,ndolbye4@livejournal.com,Female,75.250.72.166;;;;
510,Lindi,Paterno,lpaternoe5@fotki.com,Female,82.92.227.144;;;;
511,Arden,Heeks,aheekse6@mapy.cz,Female,29.180.104.252;;;;
512,Korella,Chattaway,kchattawaye7@lulu.com,Female,138.53.213.156;;;;
513,Silvie,Pashe,spashee8@woothemes.com,Female,166.183.235.45;;;;
514,Rochester,Pitrelli,rpitrellie9@go.com,Male,106.10.159.44;;;;
515,Winny,Dow,wdowea@cnbc.com,Male,112.217.215.166;;;;
516,Alberik,O'Doireidh,aodoireidheb@whitehouse.gov,Male,243.20.201.30;;;;
517,Hillel,Anstiss,hanstissec@cnn.com,Male,61.46.77.49;;;;
518,Earlie,Pawlett,epawletted@twitpic.com,Male,89.21.127.161;;;;
519,Gar,Tofts,gtoftsee@nbcnews.com,Male,67.5.79.73;;;;
520,Shelagh,Gonin,sgoninef@discuz.net,Female,103.252.90.14;;;;
521,Colver,Somerton,csomertoneg@businessinsider.com,Male,190.226.13.211;;;;
522,Powell,Reburn,preburneh@aboutads.info,Male,166.163.59.91;;;;
523,Marcia,Vose,mvoseei@twitter.com,Female,60.126.215.164;;;;
524,Madella,Clethro,mclethroej@tmall.com,Female,253.64.84.149;;;;
525,Bessie,Rowesby,browesbyek@ucsd.edu,Female,181.219.158.153;;;;
526,Cchaddie,O' Faherty,cofahertyel@youtu.be,Male,53.32.68.122;;;;
527,Damon,Muris,dmurisem@purevolume.com,Male,240.75.221.0;;;;
528,Alisun,Furlonge,afurlongeen@51.la,Female,107.136.41.134;;;;
529,Alaster,Patty,apattyeo@desdev.cn,Male,118.62.48.114;;;;
530,Yard,Silman,ysilmanep@mashable.com,Male,206.68.126.133;;;;
531,Audra,Arnholtz,aarnholtzeq@hhs.gov,Female,110.50.34.232;;;;
532,Estelle,Metrick,emetricker@archive.org,Female,22.46.7.199;;;;
533,Haskel,Beisley,hbeisleyes@vistaprint.com,Male,23.206.131.114;;;;
534,Bibbie,Howden,bhowdenet@house.gov,Female,215.148.70.185;;;;
535,Tracy,Garrie,tgarrieeu@cnet.com,Male,179.201.28.150;;;;
536,Gale,Gheorghescu,ggheorghescuev@upenn.edu,Male,110.78.46.216;;;;
537,Genny,D'Agostino,gdagostinoew@jimdo.com,Female,38.136.133.2;;;;
538,Margi,Scrymgeour,mscrymgeourex@ted.com,Female,76.75.200.221;;;;
539,Agathe,Ferne,aferneey@blog.com,Female,102.202.0.33;;;;
540,Sky,Reay,sreayez@businessweek.com,Male,77.10.26.38;;;;
541,Frants,Davers,fdaversf0@bravesites.com,Male,239.122.240.104;;;;
542,Anissa,Jean,ajeanf1@time.com,Female,116.173.249.139;;;;
543,Kris,Kitlee,kkitleef2@spiegel.de,Male,195.235.51.224;;;;
544,Ashleigh,Van Velde,avanveldef3@squidoo.com,Female,35.166.228.23;;;;
545,Jonas,Winwright,jwinwrightf4@miitbeian.gov.cn,Male,21.165.125.88;;;;
546,Deny,Wharlton,dwharltonf5@examiner.com,Female,163.168.234.201;;;;
547,Gabriellia,Yurenev,gyurenevf6@bbc.co.uk,Female,55.174.99.28;;;;
548,Lucky,McKmurrie,lmckmurrief7@taobao.com,Female,227.63.253.227;;;;
549,Gwenny,Raddon,graddonf8@soup.io,Female,14.162.103.255;;;;
550,Cullin,Deetch,cdeetchf9@weibo.com,Male,38.137.9.6;;;;
551,Maxy,Heaseman,mheasemanfa@nymag.com,Female,247.208.190.180;;;;
552,Alexandra,Charrier,acharrierfb@mlb.com,Female,79.244.154.62;;;;
553,Fonsie,Dragge,fdraggefc@multiply.com,Male,23.118.158.255;;;;
554,Patton,Idle,pidlefd@forbes.com,Male,238.81.177.246;;;;
555,Amalita,Enrietto,aenriettofe@reference.com,Female,45.176.214.85;;;;
556,Dave,Turnbull,dturnbullff@artisteer.com,Male,108.79.85.166;;;;
557,Bren,Ibberson,bibbersonfg@reverbnation.com,Female,23.233.104.27;;;;
558,Fancy,Devonport,fdevonportfh@topsy.com,Female,172.214.81.72;;;;
559,Terrence,Fredi,tfredifi@creativecommons.org,Male,17.255.58.122;;;;
560,Lianna,Lerhinan,llerhinanfj@yellowbook.com,Female,251.165.110.243;;;;
561,Prescott,Cullinane,pcullinanefk@oaic.gov.au,Male,208.4.141.107;;;;
562,Esma,Antoszewski,eantoszewskifl@w3.org,Female,43.204.92.115;;;;
563,Waldemar,Leyes,wleyesfm@cafepress.com,Male,67.118.128.7;;;;
564,Lenette,Corradino,lcorradinofn@51.la,Female,101.53.247.33;;;;
565,Marylin,Cucuzza,mcucuzzafo@netlog.com,Female,177.96.75.188;;;;
566,Arlen,Divisek,adivisekfp@storify.com,Male,123.255.119.83;;;;
567,Gardie,Siemandl,gsiemandlfq@facebook.com,Male,159.160.12.124;;;;
568,Petronille,Fortie,pfortiefr@topsy.com,Female,50.220.150.132;;;;
569,Delly,Wyleman,dwylemanfs@java.com,Female,7.84.216.6;;;;
570,Alysia,Godlonton,agodlontonft@infoseek.co.jp,Female,6.39.221.121;;;;
571,Kylie,Bartalini,kbartalinifu@tmall.com,Female,177.239.134.225;;;;
572,Penny,Barti,pbartifv@wp.com,Male,38.179.38.225;;;;
573,Jacqueline,O'Grady,jogradyfw@bloglines.com,Female,87.26.231.76;;;;
574,Rupert,Lethbridge,rlethbridgefx@ted.com,Male,244.248.78.59;;;;
575,Kile,Scapens,kscapensfy@nasa.gov,Male,252.254.247.163;;;;
576,Ladonna,Petheridge,lpetheridgefz@washingtonpost.com,Female,43.87.201.17;;;;
577,Jacintha,Jann,jjanng0@privacy.gov.au,Female,58.93.27.98;;;;
578,Gris,McShea,gmcsheag1@ocn.ne.jp,Male,126.69.252.245;;;;
579,Vaclav,Pasque,vpasqueg2@tinyurl.com,Male,64.141.72.178;;;;
580,Basil,Burfoot,bburfootg3@msn.com,Male,235.95.40.71;;;;
581,Madelin,Phin,mphing4@japanpost.jp,Female,208.3.161.227;;;;
582,Evelina,Yellowley,eyellowleyg5@istockphoto.com,Female,8.4.201.199;;;;
583,Garfield,Capponer,gcapponerg6@redcross.org,Male,54.53.140.103;;;;
584,Von,Ottey,votteyg7@globo.com,Male,2.26.203.215;;;;
585,Lizette,Alenov,lalenovg8@sun.com,Female,12.214.243.202;;;;
586,Shurlock,Largent,slargentg9@hc360.com,Male,148.26.29.64;;;;
587,Marsha,Sleite,msleitega@sina.com.cn,Female,34.210.223.49;;;;
588,Sybil,Watters,swattersgb@plala.or.jp,Female,59.50.95.61;;;;
589,Charmine,Trodler,ctrodlergc@hhs.gov,Female,124.11.210.60;;;;
590,Michaela,Gascoyne,mgascoynegd@linkedin.com,Female,59.129.110.204;;;;
591,Becca,Dilgarno,bdilgarnoge@google.com.br,Female,107.249.12.61;;;;
592,Henri,Kiddey,hkiddeygf@people.com.cn,Male,241.88.111.214;;;;
593,Dulcine,Paolini,dpaolinigg@census.gov,Female,31.181.207.178;;;;
594,Gibb,Rennie,grenniegh@mediafire.com,Male,29.48.91.228;;;;
595,Kathrine,Lilie,kliliegi@yahoo.co.jp,Female,140.141.2.182;;;;
596,Pierson,Belfit,pbelfitgj@creativecommons.org,Male,16.220.242.212;;;;
597,Sullivan,Malitrott,smalitrottgk@columbia.edu,Male,104.231.175.67;;;;
598,Philippe,Biaggioli,pbiaggioligl@webs.com,Female,181.117.112.78;;;;
599,Thadeus,Strangeway,tstrangewaygm@mtv.com,Male,213.115.16.175;;;;
600,Athena,Forrington,aforringtongn@weebly.com,Female,185.220.100.180;;;;
601,Maxy,Avrahamy,mavrahamygo@themeforest.net,Male,168.100.165.12;;;;
602,Lemmy,Critchard,lcritchardgp@sbwire.com,Male,233.195.127.207;;;;
603,Pierre,Coffey,pcoffeygq@vimeo.com,Male,137.130.29.95;;;;
604,Wilfred,Martland,wmartlandgr@skype.com,Male,176.115.18.245;;;;
605,Keefer,Merveille,kmerveillegs@yelp.com,Male,89.224.161.143;;;;
606,Allyn,Titterell,atitterellgt@twitter.com,Male,230.201.139.251;;;;
607,Tirrell,Suerz,tsuerzgu@ycombinator.com,Male,69.119.159.151;;;;
608,Jakie,Sterry,jsterrygv@mail.ru,Male,121.71.249.13;;;;
609,Karlotta,Waycott,kwaycottgw@gravatar.com,Female,57.184.240.242;;;;
610,Rosalind,Epinay,repinaygx@sourceforge.net,Female,248.131.202.66;;;;
611,Carleton,McVrone,cmcvronegy@nba.com,Male,85.208.173.8;;;;
612,Hilario,McArthur,hmcarthurgz@wikia.com,Male,149.70.32.57;;;;
613,Harriott,Gunby,hgunbyh0@histats.com,Female,160.97.107.96;;;;
614,Francisca,Scholey,fscholeyh1@house.gov,Female,108.171.238.234;;;;
615,Elnar,Chatband,echatbandh2@state.tx.us,Male,202.243.30.173;;;;
616,Paxton,Whittaker,pwhittakerh3@t.co,Male,88.135.180.91;;;;
617,Ferris,Eidelman,feidelmanh4@cnn.com,Male,14.45.52.5;;;;
618,Aland,Espley,aespleyh5@google.ru,Male,54.247.32.73;;;;
619,Forrester,Clarey,fclareyh6@answers.com,Male,143.89.100.119;;;;
620,Teressa,Clemmen,tclemmenh7@ucoz.com,Female,102.227.39.58;;;;
621,Bron,Mattosoff,bmattosoffh8@addtoany.com,Male,204.95.60.149;;;;
622,Farly,Rapper,frapperh9@house.gov,Male,124.255.38.65;;;;
623,Matthus,Durie,mdurieha@google.de,Male,175.27.229.80;;;;
624,Alonzo,Vanyukov,avanyukovhb@issuu.com,Male,126.238.35.184;;;;
625,Farrel,Arnatt,farnatthc@geocities.jp,Male,40.92.193.90;;;;
626,Teodoro,Haylor,thaylorhd@gnu.org,Male,55.147.117.224;;;;
627,Gabie,Duce,gducehe@webmd.com,Female,179.85.54.30;;;;
628,Friederike,Allcorn,fallcornhf@dedecms.com,Female,180.96.45.169;;;;
629,Ina,Volk,ivolkhg@google.de,Female,201.65.86.160;;;;
630,Alexandr,Anthiftle,aanthiftlehh@hibu.com,Male,116.170.79.180;;;;
631,Nydia,Drewes,ndreweshi@google.es,Female,236.3.73.24;;;;
632,Malvina,Wasiela,mwasielahj@unicef.org,Female,49.13.184.231;;;;
633,Ricky,Mallabone,rmallabonehk@unblog.fr,Female,174.137.107.4;;;;
634,Garnet,Fritter,gfritterhl@kickstarter.com,Female,195.59.13.42;;;;
635,Waldemar,Anfusso,wanfussohm@devhub.com,Male,126.194.160.134;;;;
636,Delores,Dirkin,ddirkinhn@cyberchimps.com,Female,161.23.66.8;;;;
637,Bebe,Aronoff,baronoffho@berkeley.edu,Female,115.95.88.204;;;;
638,Frederic,Creighton,fcreightonhp@icq.com,Male,42.132.80.179;;;;
639,Reggie,Kynder,rkynderhq@soup.io,Female,252.106.14.176;;;;
640,Osbert,Hardison,ohardisonhr@google.co.jp,Male,7.17.162.199;;;;
641,Clarisse,Dawltrey,cdawltreyhs@geocities.com,Female,225.110.200.138;;;;
642,Tarra,Bardwell,tbardwellht@hud.gov,Female,230.183.167.117;;;;
643,Terry,Mc Queen,tmcqueenhu@printfriendly.com,Male,41.18.134.94;;;;
644,Nyssa,Grangier,ngrangierhv@youtube.com,Female,73.160.103.60;;;;
645,Carole,Sheardown,csheardownhw@apple.com,Female,8.123.184.179;;;;
646,Page,Mattielli,pmattiellihx@imgur.com,Male,235.43.24.5;;;;
647,Freddie,Jeanel,fjeanelhy@mozilla.org,Male,17.179.164.124;;;;
648,Merle,Rastall,mrastallhz@drupal.org,Male,50.113.44.18;;;;
649,Ericha,Bubear,ebubeari0@unesco.org,Female,174.7.213.46;;;;
650,Raven,Kissock,rkissocki1@slideshare.net,Female,155.2.29.252;;;;
651,Rafaela,Hehl,rhehli2@arizona.edu,Female,174.101.178.105;;;;
652,Davin,Boni,dbonii3@bluehost.com,Male,241.238.171.150;;;;
653,Moise,Shackesby,mshackesbyi4@latimes.com,Male,199.232.6.163;;;;
654,Etty,Rosgen,erosgeni5@about.com,Female,55.235.240.204;;;;
655,Nap,Alenin,nalenini6@google.fr,Male,10.25.144.218;;;;
656,Addy,Breed,abreedi7@gizmodo.com,Male,90.117.65.213;;;;
657,Tabby,Elkington,telkingtoni8@rediff.com,Male,67.107.40.140;;;;
658,Austen,Betser,abetseri9@telegraph.co.uk,Male,54.52.64.182;;;;
659,Christoforo,Eversley,ceversleyia@blogs.com,Male,49.34.133.66;;;;
660,Lynnette,Inderwick,linderwickib@howstuffworks.com,Female,25.129.99.96;;;;
661,Morissa,Dewbury,mdewburyic@vinaora.com,Female,44.161.6.118;;;;
662,Chane,Baseley,cbaseleyid@godaddy.com,Male,218.83.1.199;;;;
663,Zackariah,Silley,zsilleyie@artisteer.com,Male,233.138.247.200;;;;
664,Tamarra,Blanckley,tblanckleyif@goodreads.com,Female,231.156.151.141;;;;
665,Sayre,di Rocca,sdiroccaig@businessinsider.com,Male,85.138.0.253;;;;
666,Dino,Fall,dfallih@photobucket.com,Male,176.122.176.52;;;;
667,Brice,Usmar,busmarii@blogger.com,Male,132.63.51.176;;;;
668,Quincey,Anster,qansterij@economist.com,Male,96.243.237.35;;;;
669,Albrecht,Leathley,aleathleyik@addthis.com,Male,71.168.71.232;;;;
670,Glory,Maypother,gmaypotheril@salon.com,Female,61.242.39.51;;;;
671,Braden,Beckenham,bbeckenhamim@oaic.gov.au,Male,130.241.150.6;;;;
672,Nanette,Wrankling,nwranklingin@geocities.com,Female,102.197.219.223;;;;
673,Barnabas,Gercke,bgerckeio@mashable.com,Male,142.155.153.216;;;;
674,Darn,Longmire,dlongmireip@youtu.be,Male,244.179.221.206;;;;
675,Katee,Ferschke,kferschkeiq@dmoz.org,Female,140.206.20.160;;;;
676,Saraann,Arling,sarlingir@drupal.org,Female,2.89.187.129;;;;
677,Winnie,Kliement,wkliementis@canalblog.com,Male,173.129.19.223;;;;
678,Thatch,Ballendine,tballendineit@jimdo.com,Male,24.251.64.113;;;;
679,Thornton,Salterne,tsalterneiu@chronoengine.com,Male,45.31.188.134;;;;
680,Julie,Maydway,jmaydwayiv@squarespace.com,Male,87.180.25.124;;;;
681,Roxie,Guppie,rguppieiw@tumblr.com,Female,222.250.112.146;;;;
682,Aldwin,Mandrey,amandreyix@vinaora.com,Male,50.165.168.95;;;;
683,Harmony,Dowers,hdowersiy@dot.gov,Female,38.188.66.32;;;;
684,Rosanna,Genike,rgenikeiz@altervista.org,Female,219.39.239.31;;;;
685,Nanci,Keely,nkeelyj0@shop-pro.jp,Female,58.209.14.232;;;;
686,Alexandros,Lghan,alghanj1@mashable.com,Male,66.94.58.202;;;;
687,Virgie,Norcross,vnorcrossj2@admin.ch,Male,254.251.36.126;;;;
688,Emmott,Aimer,eaimerj3@house.gov,Male,22.156.164.37;;;;
689,Gibby,Wickins,gwickinsj4@networksolutions.com,Male,151.30.34.141;;;;
690,Nataniel,Depke,ndepkej5@photobucket.com,Male,233.159.192.24;;;;
691,Burt,O'Shavlan,boshavlanj6@posterous.com,Male,102.240.114.99;;;;
692,Allard,Colleymore,acolleymorej7@addthis.com,Male,25.30.216.202;;;;
693,Janelle,Cordes,jcordesj8@si.edu,Female,119.148.178.139;;;;
694,Rolando,Penhaligon,rpenhaligonj9@noaa.gov,Male,26.121.172.9;;;;
695,Homer,Skoggins,hskogginsja@state.tx.us,Male,192.47.63.237;;;;
696,Meghan,Januszkiewicz,mjanuszkiewiczjb@who.int,Female,226.70.14.119;;;;
697,Aleda,Blackley,ablackleyjc@google.nl,Female,235.236.154.244;;;;
698,Kenna,Rodgerson,krodgersonjd@bandcamp.com,Female,88.31.50.255;;;;
699,Brigg,Fowle,bfowleje@eepurl.com,Male,147.13.143.87;;;;
700,Vernen,Danzelman,vdanzelmanjf@google.es,Male,74.8.251.18;;;;
701,Smitty,Woodthorpe,swoodthorpejg@marketwatch.com,Male,20.40.245.196;;;;
702,Dorie,Stares,dstaresjh@wisc.edu,Female,48.9.141.205;;;;
703,Abdul,Coners,aconersji@skyrock.com,Male,228.33.138.199;;;;
704,Raphaela,Weond,rweondjj@zimbio.com,Female,218.236.199.52;;;;
705,Theodora,Stookes,tstookesjk@state.gov,Female,192.208.116.192;;;;
706,Toinette,Spileman,tspilemanjl@imageshack.us,Female,118.47.21.161;;;;
707,Barry,Kase,bkasejm@nhs.uk,Male,244.17.190.46;;;;
708,Maynard,Llewelyn,mllewelynjn@dailymotion.com,Male,189.36.147.32;;;;
709,Loleta,Droghan,ldroghanjo@umich.edu,Female,34.215.220.47;;;;
710,Tish,Pedley,tpedleyjp@hao123.com,Female,210.109.123.207;;;;
711,Levon,Evennett,levennettjq@symantec.com,Male,81.1.101.90;;;;
712,Pace,Flisher,pflisherjr@edublogs.org,Male,133.150.194.220;;;;
713,Bogey,Golds,bgoldsjs@webmd.com,Male,149.76.46.34;;;;
714,Daisey,Karchowski,dkarchowskijt@pinterest.com,Female,11.157.106.27;;;;
715,Allyson,Averill,aaverillju@msn.com,Female,45.200.148.36;;;;
716,Nye,Hoovart,nhoovartjv@baidu.com,Male,149.121.189.57;;;;
717,Meredithe,Grinyer,mgrinyerjw@sun.com,Female,67.110.159.60;;;;
718,Traci,Kilroy,tkilroyjx@unesco.org,Female,156.114.68.92;;;;
719,Ettore,Scipsey,escipseyjy@theglobeandmail.com,Male,238.138.134.16;;;;
720,Schuyler,Gilmore,sgilmorejz@istockphoto.com,Male,121.207.47.78;;;;
721,Jerrie,Blades,jbladesk0@alibaba.com,Male,76.124.148.92;;;;
722,Geno,Canter,gcanterk1@ted.com,Male,11.55.73.79;;;;
723,Irwinn,Tooby,itoobyk2@canalblog.com,Male,182.198.75.206;;;;
724,Sarita,Kief,skiefk3@google.com.hk,Female,109.45.255.95;;;;
725,Orsola,Baselio,obaseliok4@wikia.com,Female,80.51.239.10;;;;
726,Rochella,Van der Brugge,rvanderbruggek5@google.fr,Female,123.221.29.211;;;;
727,Jan,Gotliffe,jgotliffek6@gmpg.org,Male,224.10.226.158;;;;
728,Yovonnda,Cawdery,ycawderyk7@cornell.edu,Female,186.57.168.87;;;;
729,Marylin,Eglaise,meglaisek8@pbs.org,Female,179.29.58.239;;;;
730,Henderson,Rowena,hrowenak9@geocities.jp,Male,175.131.187.23;;;;
731,Devonne,Standfield,dstandfieldka@hao123.com,Female,128.106.193.35;;;;
732,Alyson,Slessor,aslessorkb@wikipedia.org,Female,198.254.113.77;;;;
733,Brandea,McGrory,bmcgrorykc@hp.com,Female,149.152.16.141;;;;
734,Berenice,Moscrop,bmoscropkd@berkeley.edu,Female,152.9.163.52;;;;
735,Jeno,Botterman,jbottermanke@senate.gov,Male,113.225.130.35;;;;
736,Merl,Beardsdale,mbeardsdalekf@surveymonkey.com,Female,194.240.131.219;;;;
737,Edvard,Trim,etrimkg@digg.com,Male,190.99.83.113;;;;
738,Cherilyn,Edger,cedgerkh@zimbio.com,Female,193.26.182.103;;;;
739,Jeramey,Strike,jstrikeki@friendfeed.com,Male,193.170.165.9;;;;
740,Boniface,Whistlecroft,bwhistlecroftkj@exblog.jp,Male,204.166.57.129;;;;
741,Bernette,Renney,brenneykk@msu.edu,Female,147.15.13.139;;;;
742,Gal,Pelcheur,gpelcheurkl@sitemeter.com,Male,52.15.91.72;;;;
743,Gawen,Pinckney,gpinckneykm@imgur.com,Male,0.184.66.81;;;;
744,Chas,Bayston,cbaystonkn@sfgate.com,Male,61.252.149.147;;;;
745,Aron,Miles,amilesko@oaic.gov.au,Male,234.182.56.37;;;;
746,Korie,Gourdon,kgourdonkp@ocn.ne.jp,Female,164.242.204.84;;;;
747,Aubrette,Cuniffe,acuniffekq@abc.net.au,Female,233.180.84.34;;;;
748,Wade,Bras,wbraskr@icio.us,Male,112.129.139.161;;;;
749,Hersch,Olensby,holensbyks@indiegogo.com,Male,13.164.104.69;;;;
750,Melissa,Widdocks,mwiddockskt@jigsy.com,Female,109.101.143.189;;;;
751,Angeli,Faithfull,afaithfullku@ezinearticles.com,Male,45.211.110.27;;;;
752,Boris,Bartolomeo,bbartolomeokv@usnews.com,Male,121.90.221.230;;;;
753,La verne,Beddard,lbeddardkw@patch.com,Female,196.20.112.80;;;;
754,Alexandr,Gildea,agildeakx@ow.ly,Male,159.225.28.168;;;;
755,Tanya,Brastead,tbrasteadky@chron.com,Female,142.168.157.146;;;;
756,Opal,Schuler,oschulerkz@disqus.com,Female,244.167.5.25;;;;
757,Grissel,Bettlestone,gbettlestonel0@phpbb.com,Female,72.7.24.177;;;;
758,Jerry,Benit,jbenitl1@jugem.jp,Male,247.153.130.90;;;;
759,Carol,Chstney,cchstneyl2@yelp.com,Female,191.38.132.121;;;;
760,Harriett,Hewell,hhewelll3@google.co.uk,Female,214.139.189.138;;;;
761,Georgena,Grahamslaw,ggrahamslawl4@netscape.com,Female,200.105.217.194;;;;
762,Regan,Jacquot,rjacquotl5@meetup.com,Male,191.180.94.144;;;;
763,Arvy,Vanyard,avanyardl6@360.cn,Male,69.202.196.2;;;;
764,Violette,Morse,vmorsel7@homestead.com,Female,75.42.159.121;;;;
765,Nicolais,Torvey,ntorveyl8@edublogs.org,Male,31.172.151.145;;;;
766,Aluino,Jeves,ajevesl9@github.com,Male,163.128.65.188;;;;
767,Hetti,Pendlington,hpendlingtonla@indiegogo.com,Female,255.231.41.134;;;;
768,Daisie,Gillet,dgilletlb@weather.com,Female,8.138.84.153;;;;
769,Thom,Manneville,tmannevillelc@psu.edu,Male,184.228.246.202;;;;
770,Kerrin,Farfoot,kfarfootld@blog.com,Female,91.91.116.161;;;;
771,Cletis,Dougharty,cdoughartyle@usgs.gov,Male,111.217.91.75;;;;
772,Scotti,Meachem,smeachemlf@google.fr,Male,238.212.235.152;;;;
773,Desmond,Petrushanko,dpetrushankolg@yolasite.com,Male,6.102.236.38;;;;
774,Anatola,Polly,apollylh@ocn.ne.jp,Female,124.105.171.131;;;;
775,Ada,Francesch,afranceschli@unicef.org,Female,55.161.114.40;;;;
776,Pattie,Alsford,palsfordlj@sphinn.com,Female,235.254.28.203;;;;
777,Eugen,Sworne,eswornelk@kickstarter.com,Male,21.204.165.143;;;;
778,Erwin,Presho,epresholl@yelp.com,Male,176.3.109.176;;;;
779,Maryrose,Keymar,mkeymarlm@aboutads.info,Female,148.121.21.219;;;;
780,Delores,Willarton,dwillartonln@thetimes.co.uk,Female,243.52.94.92;;;;
781,Allistir,Aston,aastonlo@flickr.com,Male,47.118.108.70;;;;
782,Brynne,Rubinek,brubineklp@army.mil,Female,78.125.87.61;;;;
783,Jeri,Grut,jgrutlq@sciencedaily.com,Female,235.99.163.119;;;;
784,Lewie,Limb,llimblr@indiatimes.com,Male,42.75.198.131;;;;
785,Russell,Boshell,rboshellls@goo.gl,Male,211.28.245.11;;;;
786,Percy,Wildman,pwildmanlt@meetup.com,Male,238.248.43.123;;;;
787,Roselin,Jeskin,rjeskinlu@blogtalkradio.com,Female,176.38.30.152;;;;
788,Alanah,Demko,ademkolv@unblog.fr,Female,1.229.200.130;;;;
789,Lyn,Ruf,lruflw@nih.gov,Female,65.104.211.79;;;;
790,Blondell,Lain,blainlx@upenn.edu,Female,165.231.166.112;;;;
791,Morgen,Abbotts,mabbottsly@vkontakte.ru,Female,102.6.42.239;;;;
792,Barclay,Whyard,bwhyardlz@xing.com,Male,69.110.200.255;;;;
793,Ki,Claussen,kclaussenm0@creativecommons.org,Female,22.132.146.51;;;;
794,Shalna,Dulin,sdulinm1@e-recht24.de,Female,59.11.118.212;;;;
795,Akim,Renachowski,arenachowskim2@jalbum.net,Male,44.155.102.94;;;;
796,Patrice,Coyett,pcoyettm3@bloglines.com,Male,85.114.241.101;;;;
797,Abey,Monck,amonckm4@freewebs.com,Male,79.184.53.125;;;;
798,Maude,Rugg,mruggm5@vkontakte.ru,Female,198.246.201.77;;;;
799,Garv,Aleksandrov,galeksandrovm6@techcrunch.com,Male,166.216.189.142;;;;
800,Andy,Betz,abetzm7@mapy.cz,Female,252.27.16.241;;;;
801,Ansell,Karlolak,akarlolakm8@technorati.com,Male,218.98.115.172;;;;
802,Abramo,Marikhin,amarikhinm9@furl.net,Male,186.39.2.133;;;;
803,Darlleen,Adenot,dadenotma@home.pl,Female,189.191.163.91;;;;
804,Nomi,Weedenburg,nweedenburgmb@youtube.com,Female,130.132.112.190;;;;
805,Julieta,Brayne,jbraynemc@wikispaces.com,Female,225.166.83.39;;;;
806,Estrella,Gaythwaite,egaythwaitemd@artisteer.com,Female,1.55.215.98;;;;
807,Matty,Gebb,mgebbme@globo.com,Female,144.165.68.236;;;;
808,Lise,Kremer,lkremermf@weebly.com,Female,134.239.214.191;;;;
809,Melania,Himsworth,mhimsworthmg@gmpg.org,Female,248.118.136.126;;;;
810,Weidar,Garley,wgarleymh@skyrock.com,Male,149.31.178.52;;;;
811,Hollie,Grindlay,hgrindlaymi@fastcompany.com,Female,21.249.51.5;;;;
812,Ezmeralda,Praill,epraillmj@ibm.com,Female,47.210.237.205;;;;
813,Clerc,McCaffery,cmccafferymk@so-net.ne.jp,Male,71.225.89.127;;;;
814,Hephzibah,Robertot,hrobertotml@php.net,Female,92.245.177.30;;;;
815,Gilly,Torresi,gtorresimm@walmart.com,Female,50.245.33.62;;;;
816,Blayne,Stoffel,bstoffelmn@globo.com,Male,132.130.90.64;;;;
817,Phaedra,Shemming,pshemmingmo@paypal.com,Female,76.175.110.133;;;;
818,Joachim,MacCague,jmaccaguemp@mayoclinic.com,Male,183.219.31.212;;;;
819,Don,Trobridge,dtrobridgemq@japanpost.jp,Male,79.76.162.65;;;;
820,Jorgan,Mathias,jmathiasmr@businessinsider.com,Male,22.117.119.217;;;;
821,Harriott,Blackshaw,hblackshawms@berkeley.edu,Female,54.162.140.216;;;;
822,Marieann,Broschke,mbroschkemt@columbia.edu,Female,13.49.60.17;;;;
823,Elonore,Minogue,eminoguemu@dyndns.org,Female,132.140.134.241;;;;
824,Win,Begley,wbegleymv@geocities.com,Male,235.88.154.100;;;;
825,Eleanor,Egalton,eegaltonmw@nature.com,Female,154.96.249.103;;;;
826,Keelby,Arsnell,karsnellmx@nifty.com,Male,249.101.237.122;;;;
827,Joana,Juppe,jjuppemy@ed.gov,Female,205.21.178.60;;;;
828,Sasha,Norwood,snorwoodmz@tiny.cc,Male,67.148.70.246;;;;
829,Graham,Penrith,gpenrithn0@whitehouse.gov,Male,174.36.101.12;;;;
830,Gottfried,Lanegran,glanegrann1@blogger.com,Male,45.110.144.123;;;;
831,Clemente,Canepe,ccanepen2@marriott.com,Male,120.35.140.214;;;;
832,Cris,Barbera,cbarberan3@freewebs.com,Male,151.9.136.89;;;;
833,Nat,Daelman,ndaelmann4@bbb.org,Female,28.29.218.3;;;;
834,Jolie,Cullimore,jcullimoren5@alibaba.com,Female,158.133.109.116;;;;
835,Haywood,O'Dwyer,hodwyern6@booking.com,Male,148.64.69.234;;;;
836,Sibeal,Blanckley,sblanckleyn7@seesaa.net,Female,72.242.234.9;;;;
837,Artair,Kennewell,akennewelln8@businessweek.com,Male,115.100.21.83;;;;
838,Ginger,Tonks,gtonksn9@ehow.com,Female,90.249.120.186;;;;
839,Kimball,Harber,kharberna@wired.com,Male,237.127.178.137;;;;
840,Rube,Jinda,rjindanb@ow.ly,Male,134.184.226.106;;;;
841,Wat,Andreassen,wandreassennc@devhub.com,Male,253.162.142.123;;;;
842,Jamill,Langsdon,jlangsdonnd@about.com,Male,174.213.197.187;;;;
843,Phillipe,Suttell,psuttellne@163.com,Male,151.173.142.207;;;;
844,Tedra,Lakey,tlakeynf@symantec.com,Female,244.203.227.119;;;;
845,Dirk,Le Hucquet,dlehucquetng@gravatar.com,Male,206.65.115.247;;;;
846,Wilmer,Sandaver,wsandavernh@squarespace.com,Male,35.29.1.133;;;;
847,Albertina,Crambie,acrambieni@com.com,Female,43.217.251.137;;;;
848,Merle,McGhie,mmcghienj@theguardian.com,Male,69.41.126.81;;;;
849,Mira,Jerosch,mjeroschnk@ed.gov,Female,1.133.134.255;;;;
850,Jameson,Norker,jnorkernl@wikispaces.com,Male,68.67.64.77;;;;
851,Sisely,Bailles,sbaillesnm@dailymail.co.uk,Female,27.123.230.6;;;;
852,Danya,Muckleston,dmucklestonnn@sogou.com,Male,234.1.201.68;;;;
853,Obediah,Ruslinge,oruslingeno@reddit.com,Male,43.197.232.136;;;;
854,Les,Lamas,llamasnp@mtv.com,Male,255.134.137.43;;;;
855,Sayre,Rizon,srizonnq@youtube.com,Male,234.104.163.77;;;;
856,Henri,Surguine,hsurguinenr@sfgate.com,Male,209.136.252.50;;;;
857,Olivero,Fedder,ofedderns@google.ru,Male,220.112.122.58;;;;
858,Corney,McKeggie,cmckeggient@cdbaby.com,Male,244.195.217.229;;;;
859,Patricio,Tute,ptutenu@sogou.com,Male,207.150.53.77;;;;
860,Richart,Dewi,rdewinv@paginegialle.it,Male,39.21.79.150;;;;
861,Nanice,Romaines,nromainesnw@rakuten.co.jp,Female,88.40.246.30;;;;
862,Jarret,McVicker,jmcvickernx@cnn.com,Male,38.255.65.127;;;;
863,Lawrence,Holbie,lholbieny@wikia.com,Male,153.150.223.4;;;;
864,Johnath,Iori,jiorinz@ihg.com,Female,61.252.178.97;;;;
865,Enos,Hendrik,ehendriko0@hatena.ne.jp,Male,130.205.15.137;;;;
866,Burl,Rojahn,brojahno1@comcast.net,Male,158.211.255.10;;;;
867,Wandis,Mahomet,wmahometo2@japanpost.jp,Female,238.24.131.39;;;;
868,Dietrich,Matysiak,dmatysiako3@moonfruit.com,Male,141.254.11.201;;;;
869,Archibald,Maltman,amaltmano4@disqus.com,Male,55.35.124.254;;;;
870,Leonerd,Kroon,lkroono5@abc.net.au,Male,127.13.22.218;;;;
871,Wenonah,Burchall,wburchallo6@t.co,Female,191.79.229.239;;;;
872,Ayn,Schruyers,aschruyerso7@forbes.com,Female,190.149.27.128;;;;
873,Phillipp,Bardey,pbardeyo8@mysql.com,Male,228.139.189.84;;;;
874,Nikolas,Tyler,ntylero9@illinois.edu,Male,35.54.111.44;;;;
875,Erminia,Isley,eisleyoa@ovh.net,Female,129.252.222.132;;;;
876,Sherri,Rowthorne,srowthorneob@vk.com,Female,122.163.183.53;;;;
877,Shantee,Klugel,sklugeloc@wufoo.com,Female,16.62.95.226;;;;
878,Rosette,Janous,rjanousod@va.gov,Female,27.191.83.72;;;;
879,Valle,Gerardet,vgerardetoe@sourceforge.net,Male,60.141.234.30;;;;
880,Kimberlyn,Bettles,kbettlesof@bing.com,Female,8.70.11.220;;;;
881,Kevan,Stanluck,kstanluckog@blogtalkradio.com,Male,2.99.103.176;;;;
882,Nichols,Conor,nconoroh@chicagotribune.com,Male,127.47.33.149;;;;
883,Alysa,Padilla,apadillaoi@simplemachines.org,Female,226.64.180.138;;;;
884,Isidor,Cham,ichamoj@miitbeian.gov.cn,Male,99.40.146.216;;;;
885,Kailey,Pring,kpringok@people.com.cn,Female,31.184.243.226;;;;
886,Priscilla,Armand,parmandol@mlb.com,Female,42.32.197.61;;;;
887,Nissa,Koppeck,nkoppeckom@yelp.com,Female,152.84.180.79;;;;
888,Vallie,Fine,vfineon@noaa.gov,Female,68.229.88.53;;;;
889,Mommy,Autry,mautryoo@state.tx.us,Female,155.103.96.5;;;;
890,Gavan,Biffin,gbiffinop@dell.com,Male,71.56.22.203;;;;
891,Paule,Dwire,pdwireoq@w3.org,Female,100.67.79.42;;;;
892,Sidoney,Jahnisch,sjahnischor@t-online.de,Female,135.105.151.131;;;;
893,Pauli,Scantlebury,pscantleburyos@naver.com,Female,16.108.85.120;;;;
894,Sergeant,Hookes,shookesot@drupal.org,Male,187.57.193.32;;;;
895,Alejandrina,Veschambes,aveschambesou@storify.com,Female,87.112.72.164;;;;
896,Rockey,Svanini,rsvaniniov@blogger.com,Male,113.166.110.84;;;;
897,Maxi,Eliasen,meliasenow@sfgate.com,Female,166.32.184.77;;;;
898,Cinnamon,Bowling,cbowlingox@alibaba.com,Female,133.17.97.148;;;;
899,Emmet,Feaver,efeaveroy@skyrock.com,Male,10.86.155.125;;;;
900,Myrah,Ridehalgh,mridehalghoz@google.pl,Female,193.89.212.65;;;;
901,Daron,Raitt,draittp0@tumblr.com,Male,142.84.40.202;;;;
902,Godfree,Puddephatt,gpuddephattp1@amazon.de,Male,191.202.23.128;;;;
903,Ira,Cockshot,icockshotp2@china.com.cn,Male,198.151.13.177;;;;
904,Skipton,Houltham,shoulthamp3@unblog.fr,Male,103.91.210.85;;;;
905,Ingrid,Vuitton,ivuittonp4@technorati.com,Female,216.106.109.34;;;;
906,Candi,Conichie,cconichiep5@walmart.com,Female,64.241.68.149;;;;
907,Tanya,Isaacs,tisaacsp6@phoca.cz,Female,70.236.94.46;;;;
908,Krystalle,O' Brian,kobrianp7@wsj.com,Female,50.79.96.167;;;;
909,Bradford,Hillhouse,bhillhousep8@a8.net,Male,97.61.122.82;;;;
910,Mitch,Snashall,msnashallp9@gizmodo.com,Male,97.127.99.109;;;;
911,Trudy,Nowill,tnowillpa@dagondesign.com,Female,131.93.230.201;;;;
912,Elli,Prall,eprallpb@delicious.com,Female,184.77.194.131;;;;
913,Balduin,Duham,bduhampc@sakura.ne.jp,Male,204.252.252.10;;;;
914,Quinta,Jansie,qjansiepd@skyrock.com,Female,32.182.178.159;;;;
915,Harper,Lund,hlundpe@seattletimes.com,Male,119.39.60.158;;;;
916,Suzi,Collingwood,scollingwoodpf@cafepress.com,Female,156.51.244.237;;;;
917,Vicki,Stutt,vstuttpg@oracle.com,Female,19.130.127.89;;;;
918,Edgard,Ebsworth,eebsworthph@freewebs.com,Male,202.175.192.227;;;;
919,Forster,Currao,fcurraopi@goo.ne.jp,Male,48.118.222.72;;;;
920,Edan,Ruecastle,eruecastlepj@feedburner.com,Male,182.138.16.43;;;;
921,Casey,Hindsberg,chindsbergpk@nymag.com,Male,154.36.223.178;;;;
922,Dimitri,Scorey,dscoreypl@jigsy.com,Male,109.96.95.107;;;;
923,Loy,Mutimer,lmutimerpm@stanford.edu,Male,26.96.233.247;;;;
924,Jobey,Laydon,jlaydonpn@sina.com.cn,Female,201.134.14.118;;;;
925,Morley,Levane,mlevanepo@hhs.gov,Male,41.247.44.73;;;;
926,Tonye,Black,tblackpp@printfriendly.com,Female,176.82.227.196;;;;
927,Rosana,Benneton,rbennetonpq@google.fr,Female,175.222.210.251;;;;
928,Pandora,Rable,prablepr@trellian.com,Female,39.238.223.121;;;;
929,Giffie,Riccardini,griccardinips@purevolume.com,Male,169.80.234.159;;;;
930,Jozef,Mowat,jmowatpt@weebly.com,Male,87.119.134.100;;;;
931,Stan,Gerretsen,sgerretsenpu@nydailynews.com,Male,158.20.185.70;;;;
932,Moselle,Huscroft,mhuscroftpv@newsvine.com,Female,96.205.86.153;;;;
933,Benita,Wenger,bwengerpw@columbia.edu,Female,66.57.133.199;;;;
934,Jacquelin,Hamlen,jhamlenpx@goo.gl,Female,196.59.2.8;;;;
935,Wilden,Hylden,whyldenpy@opensource.org,Male,30.203.175.14;;;;
936,Nickolai,Straun,nstraunpz@yahoo.co.jp,Male,49.139.122.162;;;;
937,Lalo,Crumbleholme,lcrumbleholmeq0@nationalgeographic.com,Male,123.123.192.156;;;;
938,Sebastian,Mussen,smussenq1@prweb.com,Male,233.27.241.140;;;;
939,Hermione,Cowlin,hcowlinq2@techcrunch.com,Female,63.208.207.64;;;;
940,Kippie,Leggat,kleggatq3@google.ca,Male,209.109.63.7;;;;
941,Clay,Easterfield,ceasterfieldq4@mac.com,Male,237.178.185.100;;;;
942,Zachariah,Alennikov,zalennikovq5@posterous.com,Male,113.35.67.194;;;;
943,Elspeth,Stoving,estovingq6@discovery.com,Female,224.62.242.115;;;;
944,Tamra,Dominec,tdominecq7@mashable.com,Female,12.83.35.153;;;;
945,Jessa,Reay,jreayq8@paginegialle.it,Female,170.183.41.183;;;;
946,Luise,Marsham,lmarshamq9@hatena.ne.jp,Female,246.126.31.217;;;;
947,Leif,Ding,ldingqa@ftc.gov,Male,248.254.209.127;;;;
948,Danice,Moncaster,dmoncasterqb@feedburner.com,Female,2.114.9.58;;;;
949,Romain,Bing,rbingqc@archive.org,Male,96.48.228.218;;;;
950,Nicol,Mandeville,nmandevilleqd@salon.com,Male,100.190.63.124;;;;
951,Wilow,Coventry,wcoventryqe@nps.gov,Female,91.97.93.252;;;;
952,Andris,Goodram,agoodramqf@myspace.com,Male,186.165.61.138;;;;
953,Dorian,Adanez,dadanezqg@flavors.me,Female,206.51.70.166;;;;
954,Nerita,Sturley,nsturleyqh@guardian.co.uk,Female,163.138.109.67;;;;
955,Artus,Rowth,arowthqi@unblog.fr,Male,42.255.146.33;;;;
956,Cyrillus,Boyton,cboytonqj@ocn.ne.jp,Male,170.106.157.81;;;;
957,Johnna,Thrower,jthrowerqk@gravatar.com,Female,222.222.129.216;;;;
958,Lila,O'Keefe,lokeefeql@cdbaby.com,Female,191.216.169.24;;;;
959,Aline,MacAlroy,amacalroyqm@oaic.gov.au,Female,56.7.57.39;;;;
960,Randie,Rignall,rrignallqn@cisco.com,Male,204.250.73.109;;;;
961,Simon,Conry,sconryqo@biglobe.ne.jp,Male,39.6.12.202;;;;
962,Jo,Welfare,jwelfareqp@state.tx.us,Male,186.87.74.14;;;;
963,Gertrud,Frentz,gfrentzqq@github.com,Female,130.245.27.149;;;;
964,Edythe,Martinet,emartinetqr@unicef.org,Female,114.21.149.251;;;;
965,Alvie,Leith,aleithqs@google.com.hk,Male,115.21.114.122;;;;
966,Henri,Gaine,hgaineqt@hostgator.com,Male,74.244.72.31;;;;
967,Fan,Avieson,faviesonqu@wordpress.com,Female,26.133.139.133;;;;
968,Carlene,Escalera,cescaleraqv@eepurl.com,Female,69.210.131.136;;;;
969,Dena,Rennock,drennockqw@ft.com,Female,158.122.18.85;;;;
970,Joann,Clinning,jclinningqx@shareasale.com,Female,23.233.42.53;;;;
971,Tyne,Lamb-shine,tlambshineqy@pinterest.com,Female,37.101.78.32;;;;
972,Norry,Lowdwell,nlowdwellqz@google.com.br,Female,108.111.123.29;;;;
973,Maryanne,Smither,msmitherr0@mysql.com,Female,20.231.11.171;;;;
974,Araldo,Vedenichev,avedenichevr1@altervista.org,Male,109.132.19.168;;;;
975,Christiano,Unworth,cunworthr2@freewebs.com,Male,126.104.50.210;;;;
976,Enos,MacCostye,emaccostyer3@skyrock.com,Male,92.66.221.196;;;;
977,Giorgio,Geck,ggeckr4@icio.us,Male,255.138.117.113;;;;
978,Fleming,Cherrington,fcherringtonr5@smugmug.com,Male,154.252.215.178;;;;
979,Dietrich,Simonato,dsimonator6@yellowbook.com,Male,47.227.71.169;;;;
980,Kirsti,Damsell,kdamsellr7@state.gov,Female,126.117.103.211;;;;
981,Merill,Yare,myarer8@intel.com,Male,78.207.177.63;;;;
982,Raviv,Marciskewski,rmarciskewskir9@themeforest.net,Male,202.132.116.36;;;;
983,Andrey,McKeever,amckeeverra@yandex.ru,Male,154.112.180.91;;;;
984,Robin,Alten,raltenrb@homestead.com,Female,10.10.240.90;;;;
985,Alix,Kaplan,akaplanrc@aol.com,Female,73.220.82.123;;;;
986,Chaim,Lydiatt,clydiattrd@irs.gov,Male,30.42.174.148;;;;
987,Dollie,Prichet,dprichetre@washingtonpost.com,Female,168.144.152.155;;;;
988,Nickolas,Feather,nfeatherrf@hibu.com,Male,133.28.199.10;;;;
989,Giuseppe,Labbez,glabbezrg@comsenz.com,Male,171.87.31.122;;;;
990,Gordy,Wrathmell,gwrathmellrh@purevolume.com,Male,92.233.246.111;;;;
991,Daffie,Kirkwood,dkirkwoodri@opera.com,Female,96.139.121.171;;;;
992,Florinda,Ridesdale,fridesdalerj@cargocollective.com,Female,57.192.235.155;;;;
993,Emlynn,McGilben,emcgilbenrk@intel.com,Female,111.240.90.191;;;;
994,Mollee,Guillard,mguillardrl@chicagotribune.com,Female,131.157.169.218;;;;
995,Jereme,Speerman,jspeermanrm@skyrock.com,Male,139.0.132.11;;;;
996,Heriberto,Medcalf,hmedcalfrn@ucoz.com,Male,142.251.54.137;;;;
997,Aylmar,Mathers,amathersro@earthlink.net,Male,246.214.57.118;;;;
998,Jermaine,Lawrey,jlawreyrp@merriam-webster.com,Female,228.207.101.209;;;;
999,Jedd,Truelock,jtruelockrq@nba.com,Male,232.206.42.179;;;;
1000,Vern,Crammy,vcrammyrr@vk.com,Male,5.211.121.163;;;;
